game_name,agent_name,episode,turn,action,reasoning,generation_time,opponent,timestamp,run_id,status,reward,result_timestamp,reasoning_type,summary
kuhn_poker,llm_codegemma_7b_it,1,0,1,I am calling because I believe I have a strong hand with my King. I can win the pot with a pair or a higher card.,1.1988007089821622,random_None,2025-03-25T23:18:54.664436,20250325_221850,terminated,1.0,2025-03-25T23:18:55.536038,Winning Logic,I am calling because I believe I have a strong
connect_four,llm_codegemma_7b_it,1,0,3,"The center column (column 3) is the most likely to lead to a win, as it is the most likely to be the first column to fill up. Additionally, it is the only column that is not adjacent to the other center column, which could potentially block a win.",1.367518935003318,random_None,2025-03-25T23:18:57.777995,20250325_221855,terminated,1.0,2025-03-25T23:19:08.000842,Positional,The center column (column 3) is the most likely to
connect_four,llm_codegemma_7b_it,1,2,3,"The available actions are [0, 1, 2, 3, 4, 5, 6]. Since the opponent has played in the center column (column 3), it is likely that they are trying to block a potential win in the center row. Therefore, I should play in a column that is adjacent to the center column, such as column 2 or 4. This will prevent the opponent from completing a horizontal line of four in the center row.",2.093243865994737,random_None,2025-03-25T23:19:01.526439,20250325_221855,terminated,1.0,2025-03-25T23:19:08.000842,Positional,"The available actions are [0, 1, 2, 3, 4, 5,"
connect_four,llm_codegemma_7b_it,1,4,3,"The available actions are [0, 1, 2, 3, 4, 5, 6]. Since the center column (3) is empty, it is the best option to block the opponent from winning in the next move. This is because the opponent is likely to try to connect four pieces in a row in the center column, and blocking this will prevent them from winning.",1.7923986740061082,random_None,2025-03-25T23:19:04.973935,20250325_221855,terminated,1.0,2025-03-25T23:19:08.000842,Positional,"The available actions are [0, 1, 2, 3, 4, 5,"
connect_four,llm_codegemma_7b_it,1,6,3,"The center column (3) is the most likely to lead to a win, as it is the most likely to be the first column that the opponent will try to block. By placing our piece in the center, we can prevent them from blocking it and potentially winning the game.",1.352842390013393,random_None,2025-03-25T23:19:07.994599,20250325_221855,terminated,1.0,2025-03-25T23:19:08.000842,Positional,The center column (3) is the most likely to lead
tic_tac_toe,llm_codegemma_7b_it,1,0,0,The first move is always the best move. It gives you the most options for future moves.,0.7017212589853443,random_None,2025-03-25T23:19:09.542659,20250325_221908,terminated,1.0,2025-03-25T23:19:18.668075,Heuristic,The first move is always the best move
tic_tac_toe,llm_codegemma_7b_it,1,2,3,"The center square (5) is available and the opponent has not yet played in the corners. Playing in the center puts pressure on the opponent and forces them to defend, potentially creating an opportunity for a winning move.",1.114176320028491,random_None,2025-03-25T23:19:12.294042,20250325_221908,terminated,1.0,2025-03-25T23:19:18.668075,Positional,The center square (5) is available and the opponent has
tic_tac_toe,llm_codegemma_7b_it,1,4,5,"The center square (5) is the most likely to win the game, as it is the only square that is not yet occupied by either player. This is because the center square is in the middle of the board, and it is the most likely square that the opponent will try to block. By placing our move in the center square, we can prevent the opponent from blocking us and increase our chances of winning the game.",1.848701607028488,random_None,2025-03-25T23:19:15.783575,20250325_221908,terminated,1.0,2025-03-25T23:19:18.668075,Positional,The center square (5) is the most likely to win
tic_tac_toe,llm_codegemma_7b_it,1,6,4,"The available actions are [4, 6, 8]. Since the center square (4) is available, it is the best move to take. This is because it prevents the opponent from blocking the center square, which would give them a significant advantage.",1.2641007089987395,random_None,2025-03-25T23:19:18.661971,20250325_221908,terminated,1.0,2025-03-25T23:19:18.668075,Positional,"The available actions are [4, 6, 8]"
kuhn_poker,random_None,1,1,0,,5.6863995268940926e-05,llm_codegemma_7b_it,2025-03-25T23:18:55.529774,20250325_221850,terminated,-1.0,2025-03-25T23:18:55.556863,Uncategorized,
connect_four,random_None,1,1,5,,3.942998591810465e-05,llm_codegemma_7b_it,2025-03-25T23:18:58.620815,20250325_221855,terminated,-1.0,2025-03-25T23:19:08.006594,Uncategorized,
connect_four,random_None,1,3,0,,2.405495615676045e-05,llm_codegemma_7b_it,2025-03-25T23:19:02.372613,20250325_221855,terminated,-1.0,2025-03-25T23:19:08.006594,Uncategorized,
connect_four,random_None,1,5,0,,3.8570957258343697e-05,llm_codegemma_7b_it,2025-03-25T23:19:05.802612,20250325_221855,terminated,-1.0,2025-03-25T23:19:08.006594,Uncategorized,
tic_tac_toe,random_None,1,1,2,,6.20750361122191e-05,llm_codegemma_7b_it,2025-03-25T23:19:10.373166,20250325_221908,terminated,-1.0,2025-03-25T23:19:18.673604,Uncategorized,
tic_tac_toe,random_None,1,3,1,,1.3011973351240158e-05,llm_codegemma_7b_it,2025-03-25T23:19:13.108303,20250325_221908,terminated,-1.0,2025-03-25T23:19:18.673604,Uncategorized,
tic_tac_toe,random_None,1,5,7,,3.939896123483777e-05,llm_codegemma_7b_it,2025-03-25T23:19:16.587998,20250325_221908,terminated,-1.0,2025-03-25T23:19:18.673604,Uncategorized,
